,e_name,e_category,e_type
0,Orangetheory Fitness,leisure,0
1,Pier 54 (Section C),building,1
2,U-Frame-It,photo,0
3,Panama Hotel,commercial,1
4,The Liberty Building - Blk. 4,building,1
5,Northwest Professional Center (Bld. 6),building,1
6,Pier 54,building,1
7,Encore Restaurant Equipment,restaurant_supply,0
8,Tutta Bella Neapolitan Pizzeria,restaurant,0
9,University Way NE & NE 50th St,bus_stop,0
10,Northgate Cleaners,dry_cleaning,0
11,Dexter Ave N & Mercer St,bus_stop,0
12,Sensei,artwork,0
13,Picnic Shelter 1,picnic_site,0
14,Kin Dee,restaurant,0
15,The Broadway Building (West),building,1
16,Walgreens,chemist,0
17,Mayflower Park Hotel Seattle,hotel,1
18,Winners on California,hairdresser,0
19,Mr. Detail,car_detail,0
20,E Cherry St & 31st Ave,bus_stop,0
21,Sundial,artwork,0
22,Mud Bay,pet,0
23,Refine Nails and Spa,beauty,0
24,The RuHaRa Building,building,1
25,PLUMA,artwork,0
26,LeBlanc Floors & Interiors,flooring,0
27,Bank of America,atm,0
28,Tacos El Asadero,fast_food,0
29,The Westin Seattle (Bld. 8),hotel,1
30,The 515,bar,0
31,NE Pacific Pl & NE Pacific St,bus_stop,0
32,Dragon Seeker,artwork,0
33,Pacific Building,building,1
34,Associated Counsel for the Accused (ACS),office,0
35,Port of Seattle Headquarters - Blk. 2,office,1
36,Umma's Lunch Box,fast_food,0
37,Limantzakis Properties,office,0
38,Local Coffee Spot,cafe,0
39,Mi Fondita Del Itsmo,restaurant,0
40,Courthouse Cafe,fast_food,0
41,Motif Seattle Hotel (Sec. H),hotel,1
42,found,interior_decoration,0
43,Hotel Max,hotel,1
44,Starbucks,cafe,0
45,Daybreak Star Indian Cultural Center (Building 6),arts_centre,1
46,Argosy Visitor Center,information,0
47,Vain,hairdresser,0
48,Art of the Table,restaurant,0
49,Metropolitan Park: North Tower,building,1
50,Tousle,hairdresser,0
51,Enat Ethiopian Restaurant,restaurant,0
52,1899 Grove,food_court,1
53,Tangerine Thai,restaurant,0
54,Thanh Vi,restaurant,0
55,Brumbaugh & Associates,office,0
56,Aaron's Dry Cleaners,dry_cleaning,0
57,Governor John Harte Mcgraw,artwork,0
58,The Halal Guys,fast_food,0
59,Pike Lofts - Blk. 3,building,1
60,KeyBank,bank,0
61,Global Gateway,office,0
62,Fountain of Seseragi,artwork,0
63,Enat Deli,deli,0
64,State Farm,office,0
65,"Swifty Printing & Digital Imaging, Inc.",copyshop,0
66,Georgetown Ballroom,bar,0
67,Slate Coffee Roasters,cafe,0
68,Union Manor;Union Arms (North),building,1
69,15th Ave E & E Republican St,bus_stop,0
70,Dockside Mail,post_office,0
71,Pier 55,building,1
72,Hotel Five (East),hotel,1
73,Broadway Vision Source,optician,0
74,All Pilgrims Christian Church,place_of_worship,0
75,SW Alaska St & California Ave SW,bus_stop,0
76,49th Ave SW & SW Dawson St,bus_stop,0
77,Al's Tavern,pub,0
78,Cirrus,building,1
79,Wells Fargo,atm,0
80,Macrina Bakery - McGraw,bakery,0
81,Fremont Village Square (Building 9),building,1
82,Starbucks,cafe,0
83,Kaffeeklatsch,bakery,0
84,McDonald's,fast_food,0
85,Little Free Library,public_bookcase,0
86,Domino's,fast_food,0
87,7-Eleven,convenience,0
88,Farestart,restaurant,0
89,Portage Bay Cafe,restaurant,0
90,El Centro de la Raza,community_centre,1
91,Ascent South Lake Union,building,1
92,Washington Care Center,clinic,0
93,3rd Ave NW & NW 110th St,bus_stop,0
94,King County Administration Building,office,1
95,The Whale Wins,restaurant,0
96,Pike Lofts,building,1
97,Bright Start Child Care,childcare,0
98,Rob Roy,bar,0
99,Thai Fusion,restaurant,0
100,Elliott Ave W & W Mercer St,bus_stop,0
101,8th Ave NW & NW 45th St,bus_stop,0
102,Stadium Cleaners,dry_cleaning,0
103,Cappy's Gym,leisure,0
104,Brooks Sports (Section G),office,1
105,32nd Ave NW & Loyal Way NW,bus_stop,0
106,Honor Coffee & Tea,Coffee & Tea,0
107,My Foot Massage,massage,0
108,Lakeview Blvd E & Belmont Ave E,bus_stop,0
109,Kinesia Pilates,leisure,0
110,Seattle Publishing,copyshop,0
111,Pacific Cafe Hong Kong Kitchen,restaurant,0
112,24th Ave E & E Prospect St,bus_stop,0
113,Regal Meridian 16,cinema,0
114,Lake View Building (Section G),office,1
115,Pandas Noodle Bar,cafe,0
116,The Continental Apartments,building,1
117,True Love Tattoo,tattoo,0
118,Rock Shop,gift,0
119,The Lice Clinic,clinic,0
120,Pilchuck Glass School,craft,0
121,Wells Fargo,bank,0
122,Aegis on Madison,social_facility,1
123,Red Bowls,restaurant,0
124,Eastern Hotel (Section F),building,1
125,Rite Aid,pharmacy,0
126,Eatery,food_court,1
127,Executive Hotel Pacific,hotel,1
128,Alaska USA Federal Credit Union,bank,0
129,Starbucks,cafe,0
130,Laredo's,restaurant,0
131,Supercuts,hairdresser,0
132,Stone Garden,leisure,0
133,10th Ave E & E Miller St,bus_stop,0
134,15th Ave & E Madison St,bus_stop,0
135,Harbor Steps Southeast Tower,building,1
136,Fremont Foundry (Sec. H),events_venue,1
137,N 35th St & Troll Ave N,bus_stop,0
138,Bank of America,atm,0
139,Porcelain Gallery,arts_centre,0
140,Counterbalance Brewing Company,pub,0
141,Delridge Way SW & SW Oregon St,bus_stop,0
142,Wonderland Gear Exchange,outdoor,0
143,Frolik Kitchen + Cocktails,American (New); Breakfast & Brunch; Cocktail Bars,0
144,Amazon.com Obidos,office,1
145,E Jefferson St & 20th Ave,bus_stop,0
146,Union Hotel-Desc,social_facility,0
147,Greenwood Ave N & N 77th St,bus_stop,0
148,Bangrak Market,restaurant,0
149,Seattle Quilt Lofts,,0
150,Bar Method,leisure,0
151,National Building,building,1
152,CVS Pharmacy,pharmacy,0
153,Seattle Dental Arts,dentist,0
154,206 Burger Company,restaurant,0
155,"Osborne & Machler, Attorneys at Law",office,0
156,Emerald City Cleaners,dry_cleaning,0
157,Assumption Saint Bridget School,school,0
158,Hair Options,hairdresser,0
159,Skalka,restaurant,0
160,St. John United Lutheran Church,place_of_worship,0
161,Crossfit RE,leisure,0
162,Carkeek Nails,beauty,0
163,Bobachine,cafe,0
164,Roosevelt Way NE & NE 105th St,bus_stop,0
165,Madrona Dr & Newport Way,bus_stop,0
166,Fidelity Investments,office,0
167,24th Ave E & E Galer St,bus_stop,0
168,Dream Girls,stripclub,0
169,Megan Mary Olander Flowers,florist,0
170,Ada Developers Academy HQ,office,0
171,FedEx Office,copyshop,0
172,El Borracho,bar,0
173,Seattle City Hall (Building 9),townhall,1
174,Destination Maternity,clothes,0
175,Ghost Alley Espresso,coffee,0
176,Healing Hands,information,0
177,Jolly Roger Taproom,Brewpubs,0
178,Soaring Heart,bed,0
179,Schubert Sonata,artwork,0
180,National Building,building,1
181,Farmers Insurance,office,0
182,Washington Federal,bank,0
183,Sixth & Lenora Building,commercial,1
184,Amazon Fresh Pickup,Grocery; Health Markets; Organic Stores,0
185,Pho Huy,restaurant,0
186,Zara,clothes,0
187,Adonis Commercial Photography,craft,0
188,Northwest Professional Center,building,1
189,1st Ave NE & N 80th St,bus_stop,0
190,King County Juvenile Detention (East),office,1
191,NE 65th St & 8th Ave NE,bus_stop,0
192,Japanese Garden,leisure,0
193,Mei Mei Cafe,cafe,0
194,Starbucks,cafe,0
195,Bunyon's Chess,artwork,0
196,Canton Noodle House,restaurant,0
197,QFC,supermarket,0
198,Aditi,leisure,0
199,Pierre Mitsubishi- Seattle,car_repair,0
200,Home Instead,office,0
201,A Muddy Cup,cafe,0
202,CrossFit Deliverance,leisure,0
203,Byrd Barr Place Food Bank,social_facility,0
204,Rondo,restaurant,0
205,Eatery - Blk. 5,food_court,1
206,Rhodes Holocaust Memorial,historic,0
207,Pemco,office,0
208,24th Ave NW & NW 95th St,bus_stop,0
209,High Dive,bar,0
210,Chuan BBQ,restaurant,0
211,Watson’s Counter,restaurant,0
212,Seattle's First Public School House Memorial,historic,0
213,Martin L King Jr Way S & 37th Ave S,bus_stop,0
214,E Union St & 26th Ave,bus_stop,0
215,15th Ave NE & NE 65th St,bus_stop,0
216,Cloud Stones,artwork,0
217,Thunderbird Stand Up Paddleboarding,outdoor,0
218,Car Hop,car,0
219,Två Enhörning,artwork,0
220,Bank of America,atm,0
221,Starbucks,cafe,0
222,Four Corners Art And Frame,art,0
223,Bar Sue,bar,0
224,E Union St & 29th Ave,bus_stop,0
225,Kaiser Permanente Capitol Hill Campus (Section C),hospital,1
226,Greenlake Boathouse Cafe,cafe,0
227,Gay City,social_facility,0
228,Tashiro Kaplan Artist Lofts - Block 4,building,1
229,Tableau Software Millworks Building,office,0
230,S Jackson St & Maynard Ave S,bus_stop,0
231,The Bubble Tea Shop,Bubble Tea; Juice Bars & Smoothies,0
232,Pacific Tower,landmark,1
233,Skyn Spa,hairdresser,0
234,Madrona Plaza,building,1
235,Le Coin,restaurant,0
236,The Art Of Shaving,razors,0
237,Starbucks,cafe,0
238,Olive 8 (Sec. B),building,1
239,Emerald City Bible Fellowship Church,place_of_worship,0
240,Cone & Steiner,convenience,0
241,Cabrini Medical Tower (East),office,1
242,Scott's Trophy,trophy,0
243,Mejari Fusion Sushi,restaurant,0
244,Khan Law Firm,office,0
245,Señor Carbon,restaurant,0
246,Monorail Espresso,cafe,0
247,Boeing 3-825,building,1
248,Liquor & Wine,alcohol,0
249,Northwest Vision Clinic,optician,0
250,Graham Street Grocery,convenience,0
251,Wildrose,bar,0
252,Holy Mountain Brewing,craft,0
253,Melrose Market Studios,office,0
254,King County Administration Building - Block 5,office,1
255,BECU,bank,0
256,Homer,restaurant,0
257,International Examiner,office,0
258,Assembly 118,apartment,0
259,HoneyHole,restaurant,0
260,8th Ave NW & NW 70th St,bus_stop,0
261,Hotel Max - Blk. 3,hotel,1
262,Seattle's Best Teriyaki,fast_food,0
263,Arctic Building - Blk. 4,building,1
264,Kraken Community Iceplex (Building 2),leisure,1
265,Olaf's,bar,0
266,Dimitriou's Jazz Alley,Jazz & Blues; Music Venues,0
267,West Seattle Coworking,coworking_space,1
268,S Columbian Way & Beacon Ave S,bus_stop,0
269,Chipotle,fast_food,0
270,6th Ave W & W Crockett St,bus_stop,0
271,Apollo Nails,beauty,0
272,Psychic Boutique,psychic,0
273,Amazon.com Day 1 - Blk. 5,commercial,1
274,Din Tai Fung,restaurant,0
275,NE 50th St & University Way NE,bus_stop,0
276,Columbia City Fitness,leisure,1
277,An Nam Pho,restaurant,0
278,Dockside Cannabis,cannabis,0
279,Qwest Plaza (South),building,1
280,Phinney Nails and Spa,hairdresser,0
281,NE NOAA Dr & Guard Shack,bus_stop,0
282,Haight Building (Sec. A),building,1
283,Office Nomads,Shared Office Spaces,0
284,Western Ave W & Elliott Ave W,bus_stop,0
285,Bonjour Nails & Spa,beauty,0
286,Redhawk Center,leisure,1
287,Prudential Building - Blk. 4,building,1
288,Warwick Seattle Hotel,hotel,1
289,24th Ave S & S Norman St,bus_stop,0
290,Denny Way & Queen Anne Ave N,bus_stop,0
291,Dreamstrands Comics and Collectibles,books,0
292,Meadow Brew Cafe,cafe,0
293,Plaza Select Foods,convenience,0
294,Ravenna's Varsity Restaurant,restaurant,0
295,Klondike Penny's,art,0
296,Alhambra,clothes,0
297,McGilvra's,pub,0
298,Ballard Barbell and Boxing Club,leisure,0
299,Koh Orthodontics,dentist,0
300,35th Ave SW & SW Raymond St,bus_stop,0
301,Lark,Tapas/Small Plates; American (New),0
302,Sephora,cosmetics,0
303,Midtown Espresso,cafe,0
304,Space Oddity,furniture,0
305,Metropolitan Grill,restaurant,0
306,Senait Store,convenience,0
307,24 Hour Fitness - Downtown Seattle,Trainers; Gyms,0
308,Zipcar,car_sharing,0
309,Ayutthaya Thai Cuisine,restaurant,0
310,Allen Institute for Brain Science (North),office,1
311,Stadium Place,office,1
312,L'oursin,restaurant,0
313,11 (Building 8),building,1
314,Aegis on Madison (South),social_facility,1
315,32 Bar & Grill,Sports Bars; American (Traditional),0
316,Blue Water Taco Grill,restaurant,0
317,Jim Ryan Clock,clock,0
318,University of Washington,subway_entrance,0
319,1800 Ninth,building,1
320,Broderick Building,building,0
321,Witness Trees - What The Trees Have Seen,artwork,0
322,Broadway Shoe Repair,Shoe Repair; Shoe Shine,0
323,Rose Compass Acupuncture,healthcare,0
324,Corvus & Co,bar,0
325,Rick's Custom Upholstery,car_repair,0
326,E Yesler Way & 16th Ave S,bus_stop,0
327,Lowman Building,building,1
328,Wallflower,florist,0
329,Kuba Grille,artwork,0
330,Queen Anne Ave N & W Prospect St,bus_stop,0
331,Graystone Mortgage,office,0
332,Rof Medical Center,clinic,0
333,Café Yumm!,fast_food,0
334,Technical & Assembly Services Corporation,office,0
335,23rd Ave & E Union St,bus_stop,0
336,Cedar Speedster,commercial,1
337,Mr. West,cafe,0
338,Amazon.com Meeting Center,office,1
339,One Yesler Building,building,1
340,Zoo Java,cafe,0
341,520 Pike Tower (East),building,1
342,Northwest Work Lofts (Section C),building,1
343,E Madison St & 12th Ave,bus_stop,0
344,Cornerstone Baptist Church,place_of_worship,0
345,International District Village Square II,community_centre,1
346,The Forest Is Waiting,artwork,0
347,Menashe & Sons Jewelers,jewelry,0
348,Taco Del Mar,fast_food,0
349,Pagliacci Pizza,fast_food,0
350,Dexter Ave N & Harrison St,bus_stop,0
351,Cute Nails,beauty,0
352,Morphauna,artwork,0
353,KeyBank,bank,0
354,The Continental Apartments (Building 7),building,1
355,Just Burgers,restaurant,0
356,Neighbors,bar,0
357,The Great Hall at Green Lake (Section G),events_venue,1
358,Red Cow,restaurant,0
359,Cheese Platters and More,restaurant,0
360,Seattle Piano Academy,music_school,0
361,Queen Anne Natural Health,alternative_medicine,0
362,E Thomas St & 16th Ave E,bus_stop,0
363,Warwick Seattle Hotel,hotel,1
364,Hartford Building (Building 9),building,1
365,Young Tea,cafe,0
366,N 85th St & Greenwood Ave N,bus_stop,0
367,La Rue Creperie + Espresso,cafe,0
368,Maison Tavern,bar,0
369,Washington Research Foundation (Bld. 5),office,1
370,Paper Boat Booksellers,Bookstores,0
371,Harvard Ave E & E Shelby St,bus_stop,0
372,Tulinda,leisure,0
373,The Uncommon Cottage,gift,0
374,Xfinity,telecommunication,0
375,The Great Hall at Green Lake,events_venue,1
376,Aurora Rents,rental,0
377,Garden of Color and Light,artwork,0
378,Seneca St & Boylston Ave,bus_stop,0
379,Tony's Cleaners,dry_cleaning,0
380,EVO,clothes,0
381,Barre 3,leisure,0
382,Pasta Casalinga,restaurant,0
383,Pineapple Bistro and Bar,restaurant,0
384,Rockitcoin ATM,atm,0
385,Homegrown,restaurant,0
386,Woodlawn Ave N & N 63rd St,bus_stop,0
387,520 Pike Tower,building,1
388,Swedish First Hill Medical Center,hospital,1
389,Cantina Leña,restaurant,0
390,TASTE Café,cafe,0
391,National Nordic Museum (Bld. 4),museum,1
392,Five star,laundry,0
393,Condominium Law Group,office,0
394,Cafe Hương Quê,cafe,0
395,Some Random Bar,bar,0
396,Emerald City Smoothie,fast_food,0
397,Amante Pizza & Pasta,restaurant,0
398,Jackstraw,Men's Clothing; Women's Clothing,0
399,Sally Beauty,hairdresser_supply,0
400,NELLA Cutlery,houseware,0
401,U-Haul,rental,0
402,"Ecology and Environment, Inc.",office,0
403,Urban Fit,leisure,0
404,Bank of America,bank,0
405,Shelter,bar,0
406,KJ’s Bar,bar,0
407,"Kenny To, DDS",dentist,0
408,Greenwood Ave N & N 70th St,bus_stop,0
409,Next Level,leisure,0
410,Othello Wok and Teriyaki,restaurant,0
411,Tweedy & Popp,hardware,0
412,Seattle Cancer Care Alliance,clinic,1
413,Starbucks,cafe,0
414,Boeing 3-825,building,1
415,Tenth West,restaurant,0
416,Osborn,building,1
417,Market Place One (East),building,1
418,Hiroshi's Poke,Poke; Hawaiian; Japanese,0
419,Central Agency Building - Block 2,building,1
420,Grange Insurance Association,office,0
421,Wedgwood Alehouse,pub,0
422,Edgar's Cantina,restaurant,0
423,Salon Excellence,beauty,0
424,Jones Barbecue,restaurant,0
425,Little Chinook's,fast_food,0
426,Broadway E & E Thomas St,bus_stop,0
427,Urban Kinetics,leisure,0
428,First & Stewart Building,building,1
429,Little Free Library,public_bookcase,0
430,Leary Ave NW & NW Vernon Pl,bus_stop,0
431,Capitol Hill Chiropractic & Massage,doctors,0
432,Shefayoga,leisure,0
433,14th Avenue Northwest Boat Ramp,leisure,0
434,Lunar Laundry,laundry,0
435,Shanti Threading Salon,hairdresser,0
436,Panama Hotel,commercial,1
437,State Farm,office,0
438,Chase,atm,0
439,Flowers on 15th,florist,0
440,Starbucks Center,office,1
441,E Madison St & 14th Ave,bus_stop,0
442,6th Ave S & Yesler Way,bus_stop,0
443,Market Street Shoes,shoes,0
444,Premier Pilates,leisure,0
445,10th Ave W & W Crockett St,bus_stop,0
446,ZoomCare,clinic,0
447,S Jackson St & Boren Ave S,bus_stop,0
448,Tashiro Kaplan Artist Lofts,building,1
449,Arctic Building,building,1
450,Seasons Salon & Spa,beauty,0
451,Beechers Handmade Cheese,cheese,0
452,Tamarind Tree,restaurant,0
453,Circulation,artwork,0
454,Mind Your Body Clinic,clinic,0
455,Cakes + Trees,bakery,0
456,Childish Things,clothes,0
457,Pho Saigon,restaurant,0
458,State Farm,office,0
459,Driftwood Consignment,clothes,0
460,Seattle City Fire Station Number 31,fire_station,0
461,Uwajimaya Village Underground Lot,parking_entrance,0
462,Cooperative Children’s Center,kindergarten,0
463,FedEx Office,copyshop,0
464,Medal of Honor,historic,0
465,Johnstone Supply,trade,0
466,Belltown Pizza & Game Room,bar,0
467,Desert Sun Tanning,beauty,0
468,Taste of Xi'an,restaurant,0
469,NW 54th St & NW Market St,bus_stop,0
470,6th Ave & Union St,crossing,0
471,Shikorina Pastries,bakery,0
472,Kubota Garden,leisure,1
473,ChargePoint,charging_station,0
474,Rainier Ave S & S Dawson St,bus_stop,0
475,Vista Optical,optician,0
476,Roosevelt Way NE & NE 75th St,bus_stop,0
477,Tikvah's Garden,leisure,0
478,Airport Way S & S Lucile St,bus_stop,0
479,Boathouse Deli,cafe,0
480,Chase,bank,0
481,Meadowbrook Community Center (Bld. 3),community_centre,1
482,Tulip's Nails,beauty,0
483,Simply Seattle,gift,0
484,23rd Ave S & S Massachusetts St,bus_stop,0
485,Tuesday Scarves,scarves,0
486,4th Ave S & S Bennett St,bus_stop,0
487,Ba Miền Seafood Market,supermarket,0
488,Supreme Cutz,hairdresser,0
489,NW Pain Relief Center,doctors,0
490,Bethany United Church of Christ,place_of_worship,1
491,Labor Ready,office,0
492,32nd Ave NW & NW 66th St,bus_stop,0
493,Merrill Gardens,parking,0
494,8th Ave NW & NW 61st St,bus_stop,0
495,Everything But Water,outdoor,0
496,Trader Joe's,supermarket,0
497,Allumia,office,0
498,NE 65th St & 14th Ave NE,bus_stop,0
499,One Yesler Building (East),building,1
500,The Triple Door,theatre,0
501,Thai Thani Kitchen,restaurant,0
502,Westlake Ave N & Highland Dr,bus_stop,0
503,Holman Rd N & Greenwood Ave N,bus_stop,0
504,Body Doc Personal Training LLC,leisure,0
505,The Counter,restaurant,0
506,Have a Heart,cannabis,0
507,Al-Uruba Restaurant,restaurant,0
508,Beach Dr SW & SW Beach Drive Ter,bus_stop,0
509,Prudential Building,building,1
510,22nd Ave W & W Armour St,bus_stop,0
511,Market Place One,building,1
512,Jae's Asian Bistro and Sushi,restaurant,0
513,Latona Elementary School,school,0
514,The Seattle Public Library- Northeast Branch,library,1
515,Capitol Hill Montlake Dentistry,dentist,0
516,ALPS Language School,school,0
517,Unique Barbershop,hairdresser,0
518,Gerber Collision & Glass,car_repair,0
519,Saint Matthew Missionary Baptist Church,place_of_worship,0
520,AlwaysRunning.com,office,0
521,Bethany United Church of Christ (Sec. A),place_of_worship,1
522,N 39th St & Evanston Ave N,bus_stop,0
523,Pho Shizzle Too!,restaurant,0
524,Fainting Goat Gelato,cafe,0
525,Seattle Magnolia Pizza & Pasta,restaurant,0
526,Maritime Pacific Brewing Company (South),craft,1
527,Japanese Cultural & Community Center,community_centre,0
528,Aspira,building,1
529,General Porpoise Doughnuts - Pioneer Square,cafe,0
530,Roosevelt Way NE & NE 55th St,bus_stop,0
531,NW Market St & 20th Ave NW,bus_stop,0
532,The Hazlewood,bar,0
533,Chase,atm,0
534,The Bar Shoppe,bar,0
535,MariPili,cafe,0
536,Starbucks,cafe,0
537,Eastlake Ave E & E Garfield St,bus_stop,0
538,New Life Addiction And Recovery Services,doctors,0
539,GNC,nutrition_supplements,0
540,Dingfelder’s Delicatessen,cafe,0
541,Eastlake Ave E & E Lynn St,bus_stop,0
542,Hōtöpp,office,0
543,L Dankers Real Estate,office,0
544,Horizon Lodge - Ordo Templi Orientis,leisure,0
545,SW Avalon Way & SW Yancy St,bus_stop,0
546,Chukar Cherries,confectionery,0
547,BECU,bank,0
548,Rapid Transit Comes to Greenwood,information,0
549,Night Light Nails & Spa,beauty,0
550,The Arctic Club Seattle,hotel,0
551,Rainier Best Alterations,craft,0
552,Taylor Ave N & Lee St,bus_stop,0
553,Meadowbrook Community Center,community_centre,1
554,E Union St & 20th Ave,bus_stop,0
555,Seattle Hookah Lounge,lounge,0
556,Elliott Bay CrossFit,leisure,0
557,Madison St & 9th Ave,bus_stop,0
558,Mud Bay,pet,0
559,Kaiser Permanente Capitol Hill Campus,hospital,1
560,KeyBank,atm,0
561,Seattle Parks & Recreation,office,0
562,Mobilize Physical Therapy,office,0
563,Azteca,restaurant,0
564,Pho An,restaurant,0
565,The Tempest,artwork,0
566,Pho Than Brothers,restaurant,0
567,Sunny Massage,massage,0
568,The Georgian,restaurant,0
569,Lake View Building,office,1
570,Emerald City School,college,0
571,Hartford Building,building,1
572,Thai On 1,restaurant,0
573,Rione XIII,restaurant,0
574,Yihai Video,photo,0
575,15th Ave NE & NE 65th St,bus_stop,0
576,Morrison Hotel,building,1
577,Metropolitan Park: East Tower (Sec. B),building,1
578,Maple Leaf Dental,dentist,0
579,Woodland Coffee,cafe,0
580,Sunset Grocery,convenience,0
581,Optical Illusions,optician,0
582,Madison Park Bakery,bakery,0
583,Four Seasons Seattle,hotel,1
584,Duck Island Ale House,pub,0
585,Davis Optical Xpress,optician,0
586,Brooks Sports,office,1
587,Aurora Ave N & N 46th St,bus_stop,0
588,Pacific Rim Building,building,1
589,7-Eleven,convenience,0
590,Krannitz/Gehl Architects,office,0
591,SW Dawson St & 18th Ave SW,bus_stop,0
592,Oak Tree Teriyaki,fast_food,0
593,Kitchen Counter,fast_food,0
594,S Jackson St & Maynard Ave S,bus_stop,0
595,Bedrooms and More,furniture,0
596,Ballard Mailbox & Shipping Center,post_office,0
597,Pane Pane Sandwiches,Sandwiches; Delis; Asian Fusion,0
598,Graduate Seattle (East),hotel,1
599,Phó Ba,restaurant,0
600,Golden City,restaurant,0
601,Reflect,artwork,0
602,Bobabucha Cafe,cafe,0
603,Reuben's Brews: The Taproom,pub,0
604,Phinney Ave N & N 67th St,bus_stop,0
605,Queen's Cleaners,dry_cleaning,0
606,Keystone Congregational Church,place_of_worship,0
607,Food Mart,convenience,0
608,The Beer Authority,pub,0
609,Wallingford Ave N & N 82nd St,bus_stop,0
610,Plaza Garage,parking_entrance,0
611,Galanda Broadman Law,office,0
612,Healthy Foot Spa,massage,0
613,Pulp,office,0
614,Fremont Brewing Urban Beer Garden - Blk. 4,pub,1
615,Aspire Kinetic Arts,leisure,0
616,Bell Harbor Dental,dentist,0
617,22nd Ave SW & 23rd Ave SW,bus_stop,0
618,Precision Shooter,gun,0
619,Kois Dental,dentist,0
620,superGraphics,office,0
621,Meaty Johnson's BBQ,cafe,0
622,Wallingford Dry Cleaners,dry_cleaning,0
623,Weedin Pl NE & 8th Ave NE,bus_stop,0
624,Computer Love,computer,0
625,Domino's,fast_food,0
626,NE 40th St & Latona Ave NE,bus_stop,0
627,Sound Physical Therapy,healthcare,0
628,Sagstad Marina,leisure,0
629,The Flatiron Building - Block 4,building,1
630,Roberto's For Hair,Hair Salons,0
631,Bejeweled,Jewelry,0
632,Meridian Ave N & N Roosevelt Way N,bus_stop,0
633,Box House Saloon,restaurant,0
634,Ebb & Company,wine,0
635,Beyond Vape,e-cigarette,0
636,Starbucks,cafe,0
637,Emerald City Smoothie,fast_food,0
638,Glamour Nails,beauty,0
639,Clean Cut Barber Shop,hairdresser,0
640,1899 Grove - Block 5,food_court,1
641,Din Tai Fung,restaurant,0
642,ATI Physical Therapy,healthcare,0
643,The First Hill Exhibit,information,0
644,Lyon Building - Block 3,building,1
645,East Anchor Seafood,seafood,0
646,QQ Bites,restaurant,0
647,Lish Whitson,office,0
648,Port of Seattle Fishermen's Terminal - Blk. 4,leisure,1
649,5th Ave & Pine St,bus_stop,0
650,NE Campus Pkwy & 12th Ave NE,bus_stop,0
651,34th Ave & E Howell St,bus_stop,0
652,Daybreak Star Indian Cultural Center,arts_centre,1
653,Lake Dell Ave & 32nd Ave,bus_stop,0
654,6th Ave W & W Howe St,bus_stop,0
655,Strata Architects,office,0
656,Seattle City Hall,townhall,1
657,The Law Office of Marcia Mellinger,office,0
658,Flying Lion Brewing,pub,0
659,Sod House Bakery,bakery,0
660,Carkeek Park Veterinary Hospital,veterinary,0
661,Show Pony,clothes,0
662,Oasis,bar,0
663,Osteria la Spiga,restaurant,0
664,American Mary,cannabis,0
665,Pacific Telephone and Telegraph Co. Building (Section H),building,1
666,GoNetYourself,studio,0
667,Holiday Inn Seattle Downtown,hotel,1
668,Aspira (Section A),building,1
669,Magnolia Whizz Kids Academy Preschool,kindergarten,0
670,4th Ave & James St,bus_stop,0
671,BECU,bank,0
672,N 92nd St & Corliss Ave N,bus_stop,0
673,Port of Seattle Fishermen's Terminal,leisure,1
674,Maroon Dry Cleaners,dry_cleaning,0
675,Second & Seneca Building (Bld. 7),building,1
676,Meridian Ave N & N 54th St,bus_stop,0
677,Whole Foods Market,supermarket,0
678,Collections Café,restaurant,0
679,Seattle Vision,optician,0
680,Crescent Arms Dry Cleaners,dry_cleaning,0
681,Amazon.com Gatsby (Sec. G),office,1
682,Holman Rd NW & Mary Ave NW,bus_stop,0
683,Drexel Hotel,commercial,1
684,Mr. D's Greek Delicacies,restaurant,0
685,The Cairns (West),building,1
686,35th Ave NE & NE 75th St,bus_stop,0
687,The Bottom Line,cafe,0
688,On the Boards,theatre,0
689,Eureka!,restaurant,0
690,Eastlake Coffee & Cafe,cafe,0
691,Fine Arts Building (Bld. 9),building,1
692,H & R Block,office,0
693,Victrola Coffee Roasters,cafe,0
694,"""A"" Braille Faces of Art",artwork,0
695,Historic Point Of Interest,historic,0
696,Your Family Auto,car_repair,0
697,505 Union Station,building,1
698,Acme Finance,office,0
699,Rasai,restaurant,0
700,Mount Baker Ridge Tunnel (new bore),historic,0
701,Fight Gods,leisure,0
702,Revive Smiles Dentistry,dentist,0
703,Inspire,leisure,0
704,Ocean Star Seafood Restaurant,restaurant,0
705,Seattle Ngay Nay,computer,0
706,Magnolia Post Office,post_office,0
707,Caffe Vita,cafe,0
708,Central Area Health Care Center - Block 3,clinic,1
709,Denny Way & Broad St,bus_stop,0
710,The Splintered Wand,pub,0
711,BevMo!,alcohol,0
712,Hillclimb Chiropractic Clinic,healthcare,0
713,Creative Media Alliance,office,0
714,Seattle ReCreative,craft,0
715,Bakeréé North,cannabis,0
716,Harvest Beat,restaurant,0
717,Grand Central Bakery - Wedgewood,bakery,0
718,Friendly Food Mart,alcohol,0
719,NK Nails,beauty,0
720,Sixth & Lenora Building - Blk. 3,commercial,1
721,Sea Mar Community Health Centers,clinic,0
722,Mercer,clothes,0
723,Starline Barber Shop,hairdresser,0
724,City People’s Mercantile,garden_centre,0
725,Dearborn Park Playground,leisure,0
726,Hawthorne Hills Veterinary Hospital,veterinary,0
727,S Jackson St & 23rd Ave S,bus_stop,0
728,Rock Box,bar,0
729,Pier 55 (South),building,1
730,Seattle Center Armory,building,1
731,Yachtfish,boat,0
732,Consulate of El Salvador in Seattle,office,0
733,3rd Ave Cafe,cafe,0
734,Aesop,Cosmetics & Beauty Supply,0
735,Kokkaku,restaurant,0
736,Calvary Luthern School,school,0
737,The Underground Gallery,art,0
738,Barg French Cleaners,dry_cleaning,0
739,Stroke,artwork,0
740,Tango Zulu Imports,craft,0
741,Northwest Tailor & Cleaner,tailor,0
742,Republican St & 1st Ave N,bus_stop,0
743,Q.E.D. Coffee,cafe,0
744,Drexel Hotel (Sec. E),commercial,1
745,Grocery Outlet,supermarket,0
746,The Liberty Building,building,1
747,Adv3nture,clothes,0
748,Mobi,mobile_phone,0
749,Seattle Escape Games,attraction,0
750,Seattle Fudge,Candy Stores; Chocolatiers & Shops,0
751,Neil Kelly Design Center,furniture,0
752,Flying Squirrel Pizza,restaurant,0
753,University of Washington,subway_entrance,0
754,SW Barton St & 35th Ave SW,bus_stop,0
755,Kaleidoscope School,school,0
756,Redhook Brewlab,pub,0
757,Great Clips,hairdresser,0
758,Strategic Edge,office,0
759,In Transition is Unity,artwork,0
760,King County Juvenile Detention,office,1
761,Lenin,artwork,0
762,Swedish Sand Point Primary Care,clinic,0
763,Shade,curtain,0
764,3rd Ave & Columbia St,bus_stop,0
765,Old School PinUps,photo,0
766,Single Shot,restaurant,0
767,Catholic Archdiocese of Seattle,office,0
768,All The Best Pet Care Inventory Office,office,0
769,Seattle Northeast Chiropractic,healthcare,0
770,663 Bistro,restaurant,0
771,Wells Fargo,bank,0
772,Piroshki on 3rd,Bakeries; Filipino; Ukrainian,0
773,Jose's Taqueria,cafe,0
774,N 46th St & Aurora Ave N,bus_stop,0
775,Xfinity,telecommunication,0
776,Bandol,restaurant,0
777,Eyes On Fremont,optician,0
778,Blade & Timber - Seattle Axe Throwing,leisure,0
779,Stewart House,social_facility,1
780,3rd Ave & Bell St,bus_stop,0
781,Gray & Gray Home,interior_decoration,0
782,National Nordic Museum,museum,1
783,Benaroya Hall Garage,parking_entrance,0
784,Vandeventer + Carlander Architects,office,0
785,Rudy's Barbershop,hairdresser,0
786,Amazon.com Obidos,office,1
787,Bellevue Ave E & E Thomas St,bus_stop,0
788,Integrus Architecture,office,0
789,Billings Middle School,school,0
790,Club Pilates,leisure,0
791,Baba Mama,office,0
792,Ingersoll Gender Center,community_centre,0
793,Amazon.com Meeting Center (Sec. C),office,1
794,PCC Community Markets,supermarket,0
795,Lavilla,historic,0
796,Plaza Barber & Style,hairdresser,0
797,Cedar Room,nightclub,0
798,Rose Nails,beauty,0
799,NE 55th St & Princeton Ave NE,bus_stop,0
800,Madame Lazonga's,tattoo,0
801,James St & 5th Ave,bus_stop,0
802,Boren Ave & Madison St,bus_stop,0
803,The Brig,building,1
804,Minuteman Press,printer,0
805,Cookin’ at Madison Park,houseware,0
806,Metsker Maps,Bookstores; Souvenir Shops,0
807,32 Good Reasons,General Dentistry,0
808,Wave Broadband,office,0
809,WeWork,office,0
810,Capitol Hill Station,subway_entrance,0
811,Fantasy Unlimited,clothes,0
812,Roosevelt Way NE & NE 108th St,bus_stop,0
813,Westlake Ave N & 8th Ave N,bus_stop,0
814,MOD Pizza,fast_food,0
815,Majestic Bay,cinema,0
816,Pilates Seattle,leisure,0
817,Banner Bank,atm,0
818,Lyon Building,building,1
819,Steelsmith Haus,office,0
820,Dewdrops,artwork,0
821,Araya's Place,restaurant,0
822,Guy's Barber & Style Shop,hairdresser,0
823,Foster / White Gallery,art,0
824,24th Ave NW & NW 75th St,bus_stop,0
825,Teriyaki Bowl,restaurant,0
826,Olympic Tower,building,1
827,Gyro Hut,fast_food,0
828,Sky Launch,office,0
829,Novo Nordisk,office,0
830,"Randy Weisz, DDS",dentist,0
831,Cedar Speedster (South),commercial,1
832,Jasmine,restaurant,0
833,Gary Manuel,beauty,0
834,NE 65th St & 44th Ave NE,bus_stop,0
835,Cabrini Medical Tower,office,1
836,Allstate - Cathy Darracott,office,0
837,Simply Seattle,gift,0
838,Wood Shop BBQ,restaurant,0
839,Bartell Drugs,pharmacy,0
840,E Madison St & 13th Ave,bus_stop,0
841,Goodsoul,clothes,0
842,Consign Design,furniture,0
843,E Pine St & Bellevue Ave,bus_stop,0
844,Sugar Mountain,office,0
845,12th Ave S & S Weller St,bus_stop,0
846,Kai's Bistro & Lounge,bar,0
847,Queen Anne Farmer's Market,marketplace,0
848,H&R Block,office,0
849,Aveda,cosmetics,0
850,a & bé,bridal,0
851,SPEX,optician,0
852,Trig Electric,office,0
853,Seattle Tattoo Emporium,tattoo,0
854,Rachel the Piggy Bank,artwork,0
855,FOB Poke Bar,fast_food,0
856,Hammering Man,artwork,0
857,Washington Research Foundation,office,1
858,Broadway E & E John St,bus_stop,0
859,Portage Bay Cafe,restaurant,0
860,Holiday Inn Seattle Downtown - Block 2,hotel,1
861,Mbar,Cocktail Bars; Mediterranean; Middle Eastern,0
862,Salon Adidez,hairdresser,0
863,Westlake Ave N & Galer St,bus_stop,0
864,NW 85th St & 24th Ave NW,bus_stop,0
865,The Yoga Tree,leisure,0
866,Metropolitan Park: East Tower,building,1
867,Slate Coffee Roasters,cafe,0
868,Big Tuna,fast_food,0
869,23rd Ave & E Olive St,bus_stop,0
870,Mexico Cantina,restaurant,0
871,Savanna Apartments,building,1
872,Bookstore Bar & Cafe,Bars; American (New); Breakfast & Brunch,0
873,Nike,clothes,0
874,Chopsticks,fast_food,0
875,Colaizzo Opticians,optician,0
876,505 Union Station (Bld. 5),building,1
877,Chase,atm,0
878,Hotel Five,hotel,1
879,Washington Jaw & Facial Surgery,doctors,0
880,Art Primo,art_supply,0
881,Bop Box,restaurant,0
882,First & Stewart Building (South),building,1
883,Nice Nails & Spa,beauty,0
884,The Seated IV,artwork,0
885,23rd Ave E & E Thomas St,bus_stop,0
886,Migrare,artwork,0
887,ICHS - International District,waste_basket,0
888,Don James,artwork,0
889,Seattle Cancer Care Alliance - Block 5,clinic,1
890,Cedarhouse Flowers,florist,0
891,Miss Cafe,restaurant,0
892,Eastlake Ave E & E Allison St,bus_stop,0
893,Utilikilts,clothes,0
894,Seattle Mystery Bookshop,books,0
895,Westlake Ave N & Westlake Aly,bus_stop,0
896,Kraken Team Store,clothes,0
897,Laurelhurst Barbershop,hairdresser,0
898,Royal Moving Co.,office,0
899,Blu Dot,furniture,0
900,Market Place Two (Section D),building,1
901,Ballard Stop,convenience,0
902,Lake Union Waterworks,leisure,0
903,Latona Ave NE & NE 54th St,bus_stop,0
904,Rainier Valley Optometric,optician,0
905,First Hill Dental Center,General Dentistry; Periodontists; Endodontists,0
906,Seattle Art Museum,museum,0
907,Meridian Ave N & N 105th St,bus_stop,0
908,Starbucks Center - Block 2,office,1
909,Ducky's Office Furniture,furniture,0
910,Howard Building (Section B),building,1
911,BECU,bank,0
912,Dong Hing Market,supermarket,0
913,Rainier Valley Community Development Fund,office,0
914,City Nails Salon,beauty,0
915,NE 43rd St & Brooklyn Ave NE,bus_stop,0
916,Northwest Hospital,bus_stop,0
917,Amazon Go,"Convenience Stores; Sandwiches; Beer, Wine & Spirits",0
918,Planted Pilates & Wellness,leisure,0
919,Broadway Market,commercial,1
920,Eastlake Market,convenience,0
921,SW Alaska St & 35th Ave SW,bus_stop,0
922,Bimbos Cantina,restaurant,0
923,Harbor Island Marina,leisure,1
924,Stewart House,social_facility,1
925,7-Eleven,convenience,0
926,Barber Shop,hairdresser,0
927,Gilman Ave W & 25th Ave W,bus_stop,0
928,400 Harvard Apartments,,0
929,Kate's Pub,pub,0
930,U.S. Bank,bank,0
931,Ripple Sculptures,artwork,0
932,The Cairns,building,1
933,Topographic Syncretism,artwork,0
934,Ugly Baby,gift,0
935,Marine-Life Paintings,artwork,0
936,Dumplings of Fury,fast_food,0
937,E Union St & Broadway,bus_stop,0
938,Optimum Chiropractic,chiropractic,0
939,Antioch Baptist Church,place_of_worship,0
940,Tobya Art Gallery,gallery,0
941,"University Street Station (entrance 2, 3)",subway_entrance,0
942,Montlake Blvd E & E Shelby St,bus_stop,0
943,Maritime Pacific Brewing Company,craft,1
944,"Collections Objects, Experiences, Memories",artwork,0
945,The Broadway Building,building,1
946,Left Bank Book Collective,books,0
947,Morrison Hotel (North),building,1
948,Chili's South Indian Cousine,restaurant,0
949,Omeros,office,0
950,Watershed Pub,pub,0
951,Trace,bar,0
952,Off the Wall School of Music @ 1240,music_school,0
953,Noren Sushi Kitchen and Bar,restaurant,0
954,Stevens Way & Rainier Vis,bus_stop,0
955,Waterton,building,1
956,Blindfold Gallery,art,0
957,Moorea Seal,clothes,0
958,Local Tide,restaurant,0
959,Walgreens (East),pharmacy,1
960,Madrona Plaza (Sec. H),building,1
961,Hot Cakes,restaurant,0
962,Delridge Way SW & SW Genesee St,bus_stop,0
963,More Than A Barber,hairdresser,0
964,Skyline Pacific Northwest,office,0
965,3rd Ave & Pike St,bus_stop,0
966,Luosifen,restaurant,0
967,Luminaire,artwork,0
968,"Will Chen, C.P.A. PLLC",office,0
969,Verizon,mobile_phone,0
970,Graduate Seattle,hotel,1
971,Subway,fast_food,0
972,1800 Ninth (Sec. C),building,1
973,Little Chengdu,restaurant,0
974,Young Tea,cafe,0
975,Einstein Bros. Bagels,fast_food,0
976,Domino's,fast_food,0
977,Tamari Bar,restaurant,0
978,Northgate Rose Garden,florist,0
979,Burke Museum of Natural History and Culture (Building 5),museum,1
980,NE Ravenna Blvd & 21st Ave NE,bus_stop,0
981,Odegaard Undergraduate Library - Blk. 5,library,1
982,Olive 8,building,1
983,The Sweat Studios,leisure,0
984,Wallingford Ave N & N 80th St,bus_stop,0
985,Taco Del Mar,fast_food,0
986,32nd Ave NW & NW 61st St,bus_stop,0
987,Flowers Just 4 U,florist,0
988,Lake Union Park,information,0
989,GM Nameplate,office,0
990,Klein James Auctions,office,0
991,Lowman Building - Block 2,building,1
992,Pacific Tower,landmark,1
993,West Seattle Smoke Company,tobacco,0
994,Counterbalance Bicycles Mural,artwork,0
995,Cherry Street Coffee House,cafe,0
996,Fremont Foundry,events_venue,1
997,Rocket Taco,restaurant,0
998,Belltown Vision,optician,0
999,Fog Room,bar,0
1000,One Pacific Tower (Bld. 6),building,1
1001,5th Ave S &S Weller St,crossing,0
1002,Lazy Susan,restaurant,0
1003,Peck Building,building,1
1004,Mi Plus,cafe,0
1005,Human Forms in Balance,artwork,0
1006,Safe N Sound Swimming,school,0
1007,Concordia Lutheran School,school,0
1008,Bin 41,alcohol,0
1009,Central Area Health Care Center,clinic,1
1010,H&R Block,office,0
1011,Earl Harper Studios,photo,0
1012,Annex Theater,theatre,0
1013,Mariners Team Store,sports,0
1014,Eileen Fisher,clothes,0
1015,Wooly Mammoth,shoes,0
1016,Paesano's Coffee & Cafe,cafe,0
1017,Wallingford Ave N & N 82nd St,bus_stop,0
1018,Seattle Police Department (West),police,1
1019,Navy Strength,pub,0
1020,Bank of America,atm,0
1021,Service Printing Co,copyshop,0
1022,Subway,fast_food,0
1023,Queen Anne Hilltop Dental,dentist,0
1024,Acme Barbershop,hairdresser,0
1025,les amis,clothes,0
1026,Leira Designs,clothes,0
1027,Kelley Ross Pharmacy,waste_basket,0
1028,Mayflower Park Hotel Seattle,hotel,1
1029,California Ave SW & SW Dawson St,bus_stop,0
1030,Smoke Plus,tobacco,0
1031,Top Pot Doughnuts,cafe,0
1032,W Mercer St & 3rd Ave W,bus_stop,0
1033,Waterton - Blk. 4,building,1
1034,La Cocina y Cantina,restaurant,0
1035,Little Free Library,public_bookcase,0
1036,Aurora Ave N & N 38th St,bus_stop,0
1037,Mac's Upholstery,upholstery,0
1038,Stewart St & 7th Ave,bus_stop,0
1039,Little Free Library,public_bookcase,0
1040,mBar,bar,0
1041,5th Ave NE & Northgate Mall,bus_stop,0
1042,Luna Sandals,shoes,0
1043,Bodycenter Studios,leisure,0
1044,Downtown Dog Lounge,animal_boarding,0
1045,Martin L King Jr Way & E Olive St,bus_stop,0
1046,Providence Vincent House,social_facility,0
1047,Peck Building - Block 3,building,1
1048,O Dessert,cafe,0
1049,Kinetic Sports Rehab,clinic,0
1050,The Stop,fast_food,0
1051,Central Agency Building,building,1
1052,Broadway Market - Blk. 5,commercial,1
1053,Tiffany & Company,jewelry,0
1054,Conscious Choice Chiropractic,doctors,0
1055,Washington Trails Association,office,0
1056,Starbucks,cafe,0
1057,Spa Envy,beauty,0
1058,Knee High Stocking Co.,bar,0
1059,NE 42nd St & 8th Ave NE,bus_stop,0
1060,Ballard Neighborhood Service Center,townhall,0
1061,c,crossing,0
1062,Aurora Ave N & N 115th St,bus_stop,0
1063,3rd Ave & Marion St,bus_stop,0
1064,5 Lights Acupuncture,healthcare,0
1065,Lisa Harris Gallery,art,0
1066,Pacific Rim Building (East),building,1
1067,Cafe Argento,cafe,0
1068,I Heart Sushi,restaurant,0
1069,Seattle Cider Co.,office,0
1070,A-plus Hearing Aid,medical,0
1071,Retail Therapy,clothes,0
1072,Ascent South Lake Union (South),building,1
1073,K Hair Salon,hairdresser,0
1074,NOAA Corps,office,0
1075,Bodytonic Pilates,leisure,0
1076,W Tilden St & 30th Ave W,bus_stop,0
1077,Juicy Cafe,cafe,0
1078,Eastern Hotel,building,1
1079,Elliott Ave W & W Prospect St,bus_stop,0
1080,Hammer + Awl,clothes,0
1081,Kate Spade New York,clothes,0
1082,Columbia City Fitness (East),leisure,1
1083,de Medici Ming,gift,0
1084,Smith,restaurant,0
1085,Hudson,restaurant,0
1086,5th Ave NE & NE 80th St,bus_stop,0
1087,Verizon,Mobile Phones; Electronics; Internet Service Providers,0
1088,Jack’s BBQ,restaurant,0
1089,Archipelago,restaurant,0
1090,Union Manor;Union Arms,building,1
1091,Big Max Burger Co.,restaurant,0
1092,NE 50th St & 19th Ave NE,bus_stop,0
1093,The Beauty Lab,beauty,0
1094,Thai Ocean,restaurant,0
1095,Swedish First Hill Medical Center,hospital,1
1096,AIA Insurance,office,0
1097,Zum Fitness,leisure,0
1098,Russell Investments Center,building,1
1099,Starbucks,cafe,0
1100,Farmers Insurance - Maureen Healy,office,0
1101,34th Ave & E Marion St,bus_stop,0
1102,Wells Fargo,atm,0
1103,Swat Systems,office,0
1104,Olympia Pizza & Pasta,restaurant,0
1105,Best Service & Repair,car_repair,0
1106,Zipcar,car_sharing,0
1107,Market Place Two,building,1
1108,Stockbox First Hill Grocery,convenience,0
1109,Greenwood Animal Hospital,veterinary,0
1110,International District Village Square II,community_centre,1
1111,The Egg & Us,cafe,0
1112,H.I.S. International Tours,travel_agency,0
1113,The Ice Box,video_games,0
1114,Denali Financial Consulting,office,0
1115,5th Ave N & Broad St,bus_stop,0
1116,Maid Pro,office,0
1117,Bad Albert's Tap & Grill,pub,0
1118,Hollywood Erotic Boutique,erotic,0
1119,Ballard Tool Library,tool_hire,0
1120,Queen Anne Ave N & W Crockett St,bus_stop,0
1121,Matt Talbot Center,social_facility,0
1122,Verizon,mobile_phone,0
1123,1201 Third Avenue Parking,parking,0
1124,The Brig (Building 9),building,1
1125,Queen Anne Ave N & Garfield St,bus_stop,0
1126,Leary Ave NW & NW Vernon Pl,bus_stop,0
1127,Nordstrom Rack,clothes,0
1128,E Denny Way & E Olive Way,bus_stop,0
1129,Deli Cut Subs,restaurant,0
1130,SoDo Poké,restaurant,0
1131,Vetri,art,0
1132,Kiin Kiin Thai Eating Room,restaurant,0
1133,Still Liquor,bar,0
1134,Excellent Nails & Wax,beauty,0
1135,Wells Fargo Bank,Banks & Credit Unions,0
1136,Queen Margherita,restaurant,0
1137,Cortona Cafe,cafe,0
1138,3rd Ave & James St,bus_stop,0
1139,Lamplight Books,books,0
1140,Smith Tower Observatory,attraction,0
1141,Wallingford Ave N & N 90th St,bus_stop,0
1142,S Jackson St & 18th Ave S,bus_stop,0
1143,W Government Way & 30th Ave W,bus_stop,0
1144,May Salon,beauty,0
1145,Sacred Circle Gift Shop,gift,0
1146,The Nest at Thompson Seattle,bar,0
1147,Take 5 Urban Market,convenience,0
1148,Campus Cleaners,dry_cleaning,0
1149,Tableau Software,office,0
1150,Country Doctor,clinic,0
1151,Wood Shop BBQ,restaurant,0
1152,Seattle Smile Works,dentist,0
1153,Aurora Ave N & N 125th St,bus_stop,0
1154,Square Knot,cafe,0
1155,Bank of America,atm,0
1156,Sasha Moon Salon,hairdresser,0
1157,Little Free Library,public_bookcase,0
1158,Woodland Park Zoo,zoo,1
1159,Community Pantry,give_box,0
1160,2nd Ave & Marion St,bus_stop,0
1161,E Cherry St & 24th Ave,bus_stop,0
1162,Stadium Place (Bld. 2),office,1
1163,Potbelly,fast_food,0
1164,Moon Gates,artwork,0
1165,College Way N & N 103rd St,bus_stop,0
1166,Storyville Coffee,cafe,0
1167,Denny Way & 6th Ave N,bus_stop,0
1168,15th Ave NW & NW Market St,bus_stop,0
1169,Listening,artwork,0
1170,Wow Bubble Tea,cafe,0
1171,Monorail Espresso,cafe,0
1172,Speed Queen Coin Laundry - The Clean Machine,laundry,0
1173,24th Ave NW & NW 75th St,bus_stop,0
1174,LaMi Nail Supply,beauty,0
1175,Ridgewood Bottle & Tap,pub,0
1176,dogtopia,animal_boarding,0
1177,ProSki,sports,0
1178,Field Roast,coffee,0
1179,Juicy Cafe,beverages,0
1180,23rd Ave E & E Aloha St,bus_stop,0
1181,Laser Dome,cinema,0
1182,Signature Flight Support 3 - Blk. 3,office,1
1183,The Bridge,bar,0
1184,Metsker Maps of Seattle,books,0
1185,Hopvine Pub,pub,0
1186,Seattle Meowtropolitan,cafe,0
1187,Chase,atm,0
1188,Nickerson Business Center (South),building,1
1189,FLUTTER Studios,Photographers; Art Space Rentals,0
1190,Signature Flight Support 3,office,1
1191,Woodland Park Zoo,zoo,1
1192,Ulta Beauty,cosmetics,0
1193,The Westin Seattle,hotel,1
1194,The Polyclinic Madison Center,clinic,1
1195,Relish Burger Bistro,American (New); Burgers; Desserts,0
1196,8th Ave NW & NW 70th St,bus_stop,0
1197,Amara,social_facility,0
1198,Harbor Island Marina (Section C),leisure,1
1199,Workhorse Industries,screen_printer,0
1200,15th Ave NE & NE 123rd St,bus_stop,0
1201,Cupcake Royale,cafe,0
1202,Refine Nails - Spa,beauty,0
1203,MTI Physical Therapy,clinic,0
1204,Fogue Gallery,art,0
1205,SIFF Film Center,cinema,0
1206,Cherry Street Market,cafe,0
1207,Shango Throne,artwork,0
1208,Simply Soulful Cafe,restaurant,0
1209,Tesla Supercharger,charging_station,0
1210,Aria,hairdresser,0
1211,Nickerson Business Center,building,1
1212,Buckhorn Barbershop,hairdresser,0
1213,Kubota Garden - Blk. 4,leisure,1
1214,Flooring America,flooring,0
1215,ICHS,clinic,0
1216,Pioneer Mart,convenience,0
1217,S Othello St & Martin L King Way S,shelter,0
1218,Serious Pie,restaurant,0
1219,F45 Training,leisure,0
1220,Wild Salmon Seafood Market,Seafood Markets,0
1221,11,building,1
1222,One Pacific Tower,building,1
1223,Neighborcare Health at 45th Street,doctors,1
1224,Orangetheory Fitness,leisure,0
1225,Totem Smokehouse,butcher,0
1226,Howard Building,building,1
1227,Something Silver,jewelry,0
1228,Edward Jones Investments,office,0
1229,Four Seasons Seattle (Sec. G),hotel,1
1230,Los Tinos Mexican Restaurant,restaurant,0
1231,Pacific Building (South),building,1
1232,Squirrel Chops,cafe,0
1233,Harbor Steps Southeast Tower - Blk. 2,building,1
1234,NE 103rd St & 5th Ave NE,bus_stop,0
1235,Classical Cuts Too,hairdresser,0
1236,Bite Square,convenience,0
1237,Paseo,restaurant,0
1238,Great State Burger - Lumen Field,fast_food,0
1239,Fran's Chocolates,Chocolatiers & Shops,0
1240,Starbucks,cafe,0
1241,Interagency Alder Academy,school,0
1242,8th Ave NW & NW 75th St,bus_stop,0
1243,W Nickerson St & Jesse Ave W,bus_stop,0
1244,W Nickerson St & 6th Ave W,bus_stop,0
1245,Domino's,fast_food,0
1246,National Multiple Sclerosis Society,office,0
1247,Fremont Brewing Merchantile,alcohol,0
1248,Facebook Dexter,office,0
1249,Subway,fast_food,0
1250,King Plaza Laundry,laundry,0
1251,West Garage,parking,0
1252,The RuHaRa Building (South),building,1
1253,Office Depot,stationery,0
1254,Savanna Apartments - Blk. 2,building,1
1255,Martin L King Jr Way S & S Orcas St,bus_stop,0
1256,The Original Childrens Shop,clothes,0
1257,Fix Auto - South Seattle,car_repair,0
1258,Eileen Fisher,clothes,0
1259,Fran's Chocolates,chocolate,0
1260,Seattle Super Market,supermarket,0
1261,Core Commercial Properties,office,0
1262,Cupcake Royale,cafe,0
1263,Northwest Work Lofts,building,1
1264,Indigo Cow,ice_cream,0
1265,O'Reilly Auto Parts,car_parts,0
1266,Pegasus Coffee Bar,Coffee Roasteries,0
1267,Juan Alonso Studio,art,0
1268,Ballard Licensing,office,0
1269,Lifelong Thrift,clothes,0
1270,George Pocock Memorial Rowing Center,leisure,0
1271,Ballard Family Dentistry,dentist,0
1272,Haight Building,building,1
1273,Time Frame,artwork,0
1274,Cascade Machinery & Electric,office,0
1275,QFC,,0
1276,Molly Moon's Homemade Ice Cream - Wallingford,ice_cream,0
1277,Georgetown License,office,0
1278,Pacific Tax Services,office,0
1279,Amazon.com Cricket,office,1
1280,MITT,artwork,0
1281,Metropolitan Deli & Cafe,deli,0
1282,Pike St & 6th Ave,bus_stop,0
1283,Fonda La Cantrina,restaurant,0
1284,Summit Law Group,office,0
1285,Keytime,classes,0
1286,Royal Grinders,fast_food,0
1287,Preston Singletary,art_studio,0
1288,Green Leaf,restaurant,0
1289,Burke Museum of Natural History and Culture,museum,1
1290,Cafe Solstice,cafe,0
1291,Nijo Sushi Bar & Grill,restaurant,0
1292,Phở Mỹ Châu,restaurant,0
1293,William H. Seward,artwork,0
1294,Starbucks,cafe,0
1295,Noah's Grocery Store,convenience,0
1296,NE 45th St & 42nd Ave NE,bus_stop,0
1297,Huntington Learning Center,prep_school,0
1298,Szechuan Noodle Bowl,restaurant,0
1299,Petra,restaurant,0
1300,Trieva's Spa & Boutique,beauty,0
1301,Executive Hotel Pacific (Section C),hotel,1
1302,Shadow Land,bar,0
1303,Q Mart,convenience,0
1304,Inspire,leisure,0
1305,Taylor Shellfish Oyster Bar,cafe,0
1306,CVS Pharmacy,pharmacy,0
1307,Second & Seneca Building,building,1
1308,Orangetheory Fitness,leisure,0
1309,HomeStreet Bank,bank,0
1310,Alexander Marine,office,0
1311,Redhawk Center - Blk. 3,leisure,1
1312,Hope Bible Fellowship Church,place_of_worship,0
1313,Einstein Bros. Bagels,fast_food,0
1314,Sushi Bella,restaurant,0
1315,Motif Seattle Hotel,hotel,1
1316,Dirt Exchange,trade,0
1317,Madrona Dr & E Olive St,bus_stop,0
1318,Arco,fuel,0
1319,Molly's Bottle Shop - Ballard,wine,0
1320,King Plaza Dental & Dentures,dentist,0
1321,Corner Market,marketplace,1
1322,Consulate General of Canada in Seattle,office,0
1323,Boren Ave & Columbia St,bus_stop,0
1324,Bay Cafe,cafe,0
1325,Taco Del Mar,fast_food,0
1326,Northwest Eye Surgeons,doctors,0
1327,15th Ave NW & NW Leary Way,bus_stop,0
1328,Waterfront Fountain,artwork,0
1329,Pioneer Collective,coworking_space,0
1330,Rollback Bench,artwork,0
1331,Casco Antiguo,restaurant,0
1332,Jackson St Tattoo,tattoo,0
1333,Bank of America,office,0
1334,Chase,bank,0
1335,3rd Ave W & W Raye St,bus_stop,0
1336,Neighborcare Health at 45th Street - Block 4,doctors,1
1337,Berliner,restaurant,0
1338,Queen Anne Ave N & W Aloha St,bus_stop,0
1339,West Seattle Coworking (Sec. D),coworking_space,1
1340,Subway,fast_food,0
1341,Blue Saucer Cafe,cafe,0
1342,Regional Transportation Planning Organization,office,0
1343,Alpine Hut,bicycle,0
1344,The Octopus Bar,bar,0
1345,Shear Elegance,hairdresser,0
1346,12th Ave S & S Weller St,bus_stop,0
1347,Sparkle Cleaners,dry_cleaning,0
1348,Pacific Telephone and Telegraph Co. Building,building,1
1349,Allen Institute for Brain Science,office,1
1350,Amazon.com Gatsby,office,1
1351,The Polyclinic Madison Center (North),clinic,1
1352,Buckley's,pub,0
1353,Husky Grind,cafe,0
1354,4th Ave S & S Royal Brougham Way,bus_stop,0
1355,Matt's in the Market,restaurant,0
1356,Coven,hairdresser,0
1357,MadArt Studio,art,0
1358,Supreme Cornershop,convenience,0
1359,Fine Arts Building,building,1
1360,Dickson Law Group,office,0
1361,Electrify America Charging Station,charging_station,0
1362,Westlake Cleaners,dry_cleaning,0
1363,Chase,bank,0
1364,European Foods,deli,0
1365,HomeSight Homeownership Center,office,0
1366,Greenlake Kids Dentistry,dentist,0
1367,Russell Investments Center (South),building,1
1368,S Dearborn St & Corwin Pl S,bicycle_parking,0
1369,Qwest Plaza,building,1
1370,Fremont Village Square,building,1
1371,Sounder Platform Elevator,elevator,0
1372,Fremont Bowl,restaurant,0
1373,The Lodge Sports Grille,restaurant,0
1374,Atlantic Street Pizza,fast_food,0
1375,Visit Seattle Concierge Services,information,0
1376,Amazon.com Cricket - Block 2,office,1
1377,Georgetown Deli & Market,deli,0
1378,Fresh Tangerine,jewelry,0
1379,Northgate Supercharger,charging_station,0
1380,Kraken Community Iceplex,leisure,1
1381,Salal Credit Union,atm,0
1382,Madrona Real Estate Services,office,0
1383,Elen Villa Alterations,tailor,0
1384,The Grinning Yogi,leisure,0
1385,Meridian Ave N & N 45th St,bus_stop,0
1386,Broadway & E Union St,bus_stop,0
1387,Frankie & Jo's - Capitol Hill,cafe,0
1388,Local Point,restaurant,0
1389,The Crescent,bar,0
1390,Bank of America,bank,0
1391,Odegaard Undergraduate Library,library,1
1392,Sizzling Pot King,restaurant,0
1393,Miro Tea,cafe,0
1394,Locksmith Plus,locksmith,0
1395,Shipmates Light,historic,0
1396,Seattle Chiropractic Center,doctors,0
1397,Caffe Vita,cafe,0
1398,Double J Saloon,bar,0
1399,Seattle Center Armory (Sec. E),building,1
1400,Bank of America,atm,0
1401,Qdoba,fast_food,0
1402,Broadway & E Denny Way,bus_stop,0
1403,Broadway E & E Roy St,bus_stop,0
1404,Seattle Garden,artwork,0
1405,Standard Public House,pub,0
1406,Budget,car_rental,0
1407,Genki Sushi Inc,restaurant,0
1408,5th Ave NE & NE 71st St,bus_stop,0
1409,The Forge Lounge,bar,0
1410,Mrs Pets,pet_grooming,0
1411,Seattle Police Department,police,1
1412,Mr. D's,restaurant,0
1413,23rd Ave S & S Judkins St,bus_stop,0
1414,Seattle George Monument,artwork,0
1415,California Ave SW & SW Findlay St,bus_stop,0
1416,Circle of Art Studios,art_classes,0
1417,Queen Anne Ave N & W Harrison St,bus_stop,0
1418,Imbrication,artwork,0
1419,Public Storage,storage_rental,0
1420,Broadway Shoe Repair,craft,0
1421,Walgreens,pharmacy,1
1422,Folio,hairdresser,0
1423,Emerald City Chiropractic,healthcare,0
1424,Osborn (Sec. E),building,1
1425,Port of Seattle Headquarters,office,1
1426,Katterman’s Sand Point Pharmacy,pharmacy,0
1427,T-Mobile,mobile_phone,0
1428,11th Ave & E Madison St,bus_stop,0
1429,Dandylion,restaurant,0
1430,Super Hair Salon,hairdresser,0
1431,Cafe Limoncello,cafe,0
1432,Oiselle,clothes,0
1433,Be Luminous Yoga,leisure,0
1434,Gilman Ave W & 26th Ave W,bus_stop,0
1435,28th Ave W & W Ruffner St,bus_stop,0
1436,Corner Market (Section D),marketplace,1
1437,Olympic Tower - Blk. 4,building,1
1438,Breaching Orca,artwork,0
1439,The Yard Cafe,restaurant,0
1440,Butter Home,interior_decoration,0
1441,Seattle Pacific University Bookstore,books,0
1442,All The Best Pet Care Business Office,office,0
1443,Cold Plate Dessert,ice_cream,0
1444,Covid Testing Kiosk,healthcare,0
1445,Louisa Boren Plaque,historic,0
1446,TJ Tire Center,tyres,0
1447,KinderCare,kindergarten,0
1448,Pacific Northwest Shop,gift,0
1449,Lyn Hair Salon,hairdresser,0
1450,Ian,clothes,0
1451,Westlake Ave N & 8th Ave N,bus_stop,0
1452,Smoke Lounge,tobacco,0
1453,Experimental Education Unit,office,0
1454,Maroun Mediterranean Grill,restaurant,0
1455,Equality,artwork,0
1456,B+H Architects,office,0
1457,International Village Business Suites,,0
1458,Kumon,prep_school,0
1459,Market Fresh,Buffets; Breakfast & Brunch; Health Markets,0
1460,Lotus Yoga,leisure,0
1461,D 2,office,0
1462,W Government Way & 34th Ave W,bus_stop,0
1463,The Flatiron Building,building,1
1464,Starbucks Reserve,cafe,0
1465,Larson Real Estate,office,0
1466,Cirrus (South),building,1
1467,Jimmy John's,fast_food,0
1468,Birch,restaurant,0
1469,King's Discus,pet,0
1470,Hanh's Modern Hair,hairdresser,0
1471,Floof Pet Grooming,pet_grooming,0
1472,Cortina,restaurant,0
1473,Conscious Body Pilates,leisure,0
1474,El Centro de la Raza (Sec. H),community_centre,1
1475,Central Babershop,hairdresser,0
1476,Red Mill Burgers,restaurant,0
1477,Lighthouse Montessori School,kindergarten,0
1478,Husky Statue,artwork,0
1479,Little Free Library,public_bookcase,0
1480,The Seattle Public Library- Northeast Branch (East),library,1
1481,Walgreens,pharmacy,0
1482,Blue Moon Tavern,pub,0
1483,23rd Ave E & E John St,bus_stop,0
1484,Tokara,confectionery,0
1485,NE 45th St & Memorial Way NE,bus_stop,0
1486,Seattle Public Library - International District Chinatown Branch,Libraries,0
1487,Fremont Brewing Urban Beer Garden,pub,1
1488,Go PT,healthcare,0
1489,HomeStreet Bank,bank,0
1490,Amazon.com Day 1,commercial,1
1491,KeyBank,atm,0
1492,Retrofit Home,furniture,0
1493,Poke Alice,fast_food,0
1494,Analog Coffee,cafe,0
1495,Metropolitan Park: North Tower,building,1
1496,W Government Way & 31st Ave W,bus_stop,0
1497,Firefighter Silhouettes,artwork,0
1498,Edward Jones,office,0
